Nest.ID,Male,Female,Pair,Year,Date.Found,Last.Date.Alive,First.Date.Dead,Notes,First.date.simp,Include_YN,Day.Found,Last.Day.Alive,First.Day.Dead,Fate,Full.Term,Hatched,Hatched.Own,Fledged,Long,Lat,Supplement,Nest.Attempt,Age.Male,Age.Female,Age.Min,Age.Max,Age.Avg,Exper.Male,Exper.Female,Exper.Min,Exper.Max,Exper.Avg,CumAtt.Male,CumAtt.Female,CumAtt.Min,CumAtt.Max,CumAtt.Avg,MGenAny,MGenAll,FGenAny,FGenAll,CGenAny ,CGenAll,Male.Type,Female.Type,Pair.Type,Male.Dam,Male.Sire,Female.Dam,Female.Sire
2005A,1629,1661,1-01/2-02,2005,4/16/2005,4/16/2005,4/17/2005,,16-Apr,N,NA,NA,NA,1,N,N,N,N,-90.16634,44.07789,0,1,4,3,3,4,3.5,0,0,0,0,0,1,1,1,1,1,2,3,3,3,2,3,U,U,1,1119,1114,1135,1133
2005B,1672,1678,11-02/17-02,2005,4/17/2005,4/17/2005,4/18/2005,,17-Apr,N,NA,NA,NA,1,N,N,N,N,-90.15447,44.06246,0,1,3,3,3,3,3,0,0,0,0,0,1,1,1,1,1,2,3,2,3,2,3,U,U,1,1142,1147,1136,1144
2006E,1674,1679,13-02/18-02,2006,4/6/2006,4/23/2006,4/24/2006,,6-Apr,N,NA,NA,NA,1,N,N,N,N,-90.16942,44.07208,0,1,4,4,4,4,4,0,0,0,1,0,1,1,1,1,1,2,2,3,3,2,3,U,U,1,1154,1127,1101,1128
2006A,1629,1661,1-01/2-02,2006,4/7/2006,4/15/2006,4/16/2006,,7-Apr,N,NA,NA,NA,1,N,N,N,N,-90.16743,44.0769,0,1,5,4,4,5,4.5,1,1,1,1,1,2,2,2,2,2,2,3,3,3,2,3,U,U,1,1119,1114,1135,1133
2006B,1712,1662,17-03/3-02,2006,4/7/2006,4/15/2006,4/16/2006,,7-Apr,N,NA,NA,NA,1,N,N,N,N,-90.18893,44.18665,0,1,3,4,3,4,3.5,0,0,0,1,0,1,1,1,1,1,2,3,2,3,2,3,U,U,1,1136,1144,1119,1114
2006D,1672,1678,11-02/17-02,2006,4/11/2006,4/19/2006,4/20/2006,,11-Apr,N,NA,NA,NA,1,N,N,N,N,-90.15197,44.06237,0,1,4,4,4,4,4,1,1,1,1,1,2,2,2,2,2,2,3,2,3,2,3,U,U,1,1142,1147,1136,1144
2006C,1697,1670,2-03/9-02,2006,4/14/2006,4/25/2006,4/27/2006,,14-Apr,N,NA,NA,NA,1,N,N,N,N,-90.36876,44.07807,0,1,3,4,3,4,3.5,0,0,0,0,0,1,1,1,1,1,3,3,3,3,3,3,U,U,1,1135,1133,1135,1133
2007B,1672,1678,11-02/17-02,2007,4/3/2007,4/20/2007,4/21/2007,,3-Apr,N,NA,NA,NA,1,N,N,N,N,-90.15447,44.06246,0,1,5,5,5,5,5,1,1,1,1,1,4,4,4,4,4,2,3,2,3,2,3,U,U,1,1142,1147,1136,1144
2007A,1759,1670,16-04/9-02,2007,4/15/2007,4/19/2007,4/21/2007,,15-Apr,N,NA,NA,NA,1,N,N,N,N,-90.3575,44.0875,0,1,3,5,3,5,4,0,1,0,1,0.5,1,2,1,2,1.5,2,3,3,3,2,3,U,U,1,1136,1144,1135,1133
2007C,1674,1679,13-02/18-02,2007,4/16/2007,4/19/2007,4/20/2007,,16-Apr,N,NA,NA,NA,1,N,N,N,N,-90.16659,44.06865,0,1,5,5,5,5,5,1,1,1,1,1,2,2,2,2,2,2,2,3,3,2,3,U,U,1,1154,1127,1101,1128
2007D,1712,1698,17-03/3-03,2007,4/19/2007,4/20/2007,4/21/2007,,19-Apr,N,NA,NA,NA,1,N,N,N,N,-90.19893,44.17763,0,1,4,4,4,4,4,1,0,0,1,0.5,2,1,1,2,1.5,2,3,2,3,2,3,U,U,1,1136,1144,1136,1144
2008B,1672,1678,11-02/17-02,2008,4/7/2008,5/5/2008,5/6/2008,,7-Apr,N,NA,NA,NA,1,N,N,N,N,-90.15333,44.05915,0,1,6,6,6,6,6,1,1,1,1,1,5,5,5,5,5,2,3,2,3,2,3,U,U,1,1142,1147,1136,1144
2008D,1674,1679,13-02/18-02,2008,4/9/2008,5/5/008,5/6/2008,,9-Apr,N,NA,NA,NA,1,N,N,N,N,-90.1605,44.06692,0,1,6,6,6,6,6,1,1,1,1,1,3,3,3,3,3,2,2,3,3,2,3,U,U,1,1154,1127,1101,1128
2008F,1746,1704,3-04/9-03,2008,4/9/2008,5/3/2008,5/4/2008,,9-Apr,N,NA,NA,NA,1,N,N,N,N,-90.16197,44.06122,0,1,4,5,4,5,4.5,0,0,0,1,0,1,1,1,1,1,3,3,2,3,2,3,U,U,1,1135,1133,1136,1144
2008E,1712,1698,17-03/3-03,2008,4/10/2008,5/5/2008,5/6/2008,,10-Apr,N,NA,NA,NA,1,N,N,N,N,-90.20647,44.18203,0,1,5,5,5,5,5,1,1,1,1,1,4,3,3,4,3.5,2,3,2,3,2,3,U,U,1,1136,1144,1136,1144
2008A,1759,1670,16-04/9-02,2008,4/11/2008,4/11/2008,4/14/2008,,11-Apr,N,NA,NA,NA,1,N,N,N,N,-90.36773,44.0788,0,1,4,6,4,6,5,1,1,1,1,1,2,3,2,3,2.5,2,3,3,3,2,3,U,U,1,1136,1144,1135,1133
2008H,1713,1708,18-03/13-03,2008,4/14/2008,5/6/2008,5/7/2008,,14-Apr,N,NA,NA,NA,1,N,N,N,N,-90.19363,44.08845,0,1,5,5,5,5,5,0,0,0,0,0,1,1,1,1,1,2,3,3,3,2,3,U,U,1,1142,1147,1135,1133
2008K,1786,1758,5-05/15-04,2008,4/14/2008,4/29/2008,4/30/2008,,14-Apr,N,NA,NA,NA,1,N,N,N,N,-90.21085,44.18543,0,1,3,4,3,4,3.5,0,0,0,0,0,1,1,1,1,1,3,3,2,3,2,3,U,U,1,1135,1133,1136,1144
2008I,1744,1790,1-04/8-05,2008,4/16/2008,4/30/2008,5/5/2008,,16-Apr,N,NA,NA,NA,1,N,N,N,N,-90.17635,44.18053,0,1,4,3,3,4,3.5,0,0,0,0,0,1,1,1,1,1,3,3,2,2,2,3,U,U,1,1135,1133,1154,1127
2008G,1706,1707,11-03/12-03,2008,4/17/2008,5/3/2008,5/5/2008,,17-Apr,N,NA,NA,NA,1,N,N,N,N,-90.16185,44.16317,0,1,5,5,5,5,5,0,0,0,0,0,1,1,1,1,1,2,2,3,3,2,3,U,U,1,1154,1127,1135,1133
2008C,1673,1762,12-02/19-04,2008,4/23/2008,5/5/2008,5/6/2008,,23-Apr,N,NA,NA,NA,1,N,N,N,N,-90.08198,44.39248,0,1,6,4,4,6,5,0,0,0,1,0,1,1,1,1,1,2,3,3,4,2,4,U,U,1,1119,1114,1263,1100
2008J,1751,1802,8-04/19-05,2008,4/23/2008,5/2/2008,5/5/2008,,23-Apr,N,NA,NA,NA,1,N,N,N,N,-90.22002,44.15252,0,1,4,3,3,4,3.5,0,0,0,0,0,1,1,1,1,1,3,3,3,3,3,3,U,U,1,1135,1133,1135,1560
2009A,1786,1758,5-05/15-04,2009,4/2/2009,4/24/2009,4/25/2009,,2-Apr,Y,1,23,24,1,N,N,N,N,-90.21938,44.20183,1,1,4,5,4,5,4.5,1,1,1,1,1,2,2,2,2,2,3,3,2,3,2,3,U,U,1,1135,1133,1136,1144
2009B,1713,1708,18-03/13-03,2009,4/7/2009,4/18/2009,4/19/2009,,7-Apr,Y,6,17,18,1,N,N,N,N,-90.19414,44.08972,1,1,6,6,6,6,6,1,1,1,1,1,2,2,2,2,2,2,3,3,3,2,3,U,U,1,1142,1147,1135,1133
2009P,1672,1678,11-02/17-02,2009,4/7/2009,4/26/2009,4/27/2009,,7-Apr,Y,6,25,26,1,N,N,N,N,-90.13585,44.05697,0,1,7,7,7,7,7,1,1,1,1,1,7,7,7,7,7,2,3,2,3,2,3,U,U,1,1142,1147,1136,1144
2009C,1712,1698,17-03/3-03,2009,4/8/2009,4/23/2009,4/24/2009,,8-Apr,Y,7,22,23,1,N,N,N,N,-90.21802,44.16575,1,1,6,6,6,6,6,1,1,1,1,1,5,4,4,5,4.5,2,3,2,3,2,3,U,U,1,1136,1144,1136,1144
2009N,1746,1704,3-04/9-03,2009,4/8/2009,5/3/2009,5/4/2009,,8-Apr,Y,7,32,33,1,N,N,N,N,-90.1673,44.06301,1,1,5,6,5,6,5.5,1,1,1,1,1,2,2,2,2,2,3,3,2,3,2,3,U,U,1,1135,1133,1136,1144
2009D,1744,1790,1-04/8-05,2009,4/9/2009,4/23/2009,4/24/2009,,9-Apr,Y,8,22,23,1,N,N,N,N,-90.16907,44.17396,0,1,5,4,4,5,4.5,1,1,1,1,1,2,2,2,2,2,3,3,2,2,2,3,U,U,1,1135,1133,1154,1127
2009E,1673,1762,12-02/19-04,2009,4/9/2009,4/24/2009,4/25/2009,,9-Apr,Y,8,23,24,1,N,N,N,N,-90.0223,44.41725,0,1,7,5,5,7,6,1,1,1,1,1,2,2,2,2,2,2,3,3,4,2,4,U,U,1,1119,1114,1263,1100
2009F,1751,1802,8-04/19-05,2009,4/9/2009,4/19/2009,4/20/2009,,9-Apr,Y,8,18,19,1,N,N,N,N,-90.22001,44.1533,0,1,5,4,4,5,4.5,1,1,1,1,1,2,2,2,2,2,3,3,3,3,3,3,U,U,1,1135,1133,1135,1560
2009O,1674,1679,13-02/18-02,2009,4/17/2009,4/23/2009,4/24/2009,,17-Apr,Y,16,22,23,1,N,N,N,N,-90.16584,44.06581,1,1,7,7,7,7,7,1,1,1,1,1,4,4,4,4,4,2,2,3,3,2,3,U,U,1,1154,1127,1101,1128
2009H,1706,1707,11-03/12-03,2009,4/21/2009,4/22/2009,4/25/2009,,21-Apr,Y,20,21,24,1,N,N,N,N,-90.1584,44.16145,0,1,6,6,6,6,6,1,1,1,1,1,2,2,2,2,2,2,2,3,3,2,3,U,U,1,1154,1127,1135,1133
2009I,1633,1782,5-01/1-05,2009,4/22/2009,4/23/2009,4/24/2009,,22-Apr,Y,21,22,23,1,N,N,N,N,-90.16096,44.15881,0,1,8,4,4,8,6,0,0,0,1,0,1,1,1,1,1,2,3,2,2,2,3,U,U,1,1142,1147,1167,1162
2009G,1705,1874,10-03/W1-06,2009,4/22/2009,4/22/2009,4/24/2009,,22-Apr,Y,21,21,23,1,N,N,N,N,-90.17352,44.07759,1,1,6,3,3,6,4.5,0,0,0,1,0,1,1,1,1,1,3,4,3,4,3,4,U,W,2,1188,1175,1678,1672
2010A,1786,1758,5-05/15-04,2010,4/1/2010,4/5/2010,4/6/2010,Throw Out; camera put up next to nest,1-Apr,N,1,5,6,1,N,N,N,N,-90.21218,44.19055,0,1,5,6,5,6,5.5,1,1,1,1,1,3,3,3,3,3,3,3,2,3,2,3,U,U,1,1135,1133,1136,1144
2010C,1712,1698,17-03/3-03,2010,4/2/2010,4/11/2010,4/12/2010,,2-Apr,Y,2,11,12,1,N,N,N,N,-90.1972,44.18608,0,1,7,7,7,7,7,1,1,1,1,1,7,6,6,7,6.5,2,3,2,3,2,3,U,U,1,1136,1144,1136,1144
2010J,1705,1874,10-03/W1-06,2010,4/3/2010,4/8/2010,4/9/2010,Throw Out; camera put up next to nest,3-Apr,N,3,8,9,1,N,N,N,N,-90.15246,44.08654,0,1,7,4,4,7,5.5,1,1,1,1,1,2,2,2,2,2,3,4,3,4,3,4,U,W,2,1188,1175,1678,1672
2010F,1744,1790,1-04/8-05,2010,4/4/2010,4/4/2010,4/7/2010,,4-Apr,Y,4,4,7,1,N,N,N,N,-90.17611,44.18054,0,1,6,5,5,6,5.5,1,1,1,1,1,3,3,3,3,3,3,3,2,2,2,3,U,U,1,1135,1133,1154,1127
2010I,1751,1802,8-04/19-05,2010,4/4/2010,4/5/2010,4/9/2010,,4-Apr,Y,4,5,9,1,N,N,N,N,-90.22001,44.1533,0,1,6,5,5,6,5.5,1,1,1,1,1,3,3,3,3,3,3,3,3,3,3,3,U,U,1,1135,1133,1135,1560
2010B,1713,1708,18-03/13-03,2010,4/5/2010,4/5/2010,4/12/2010,,5-Apr,Y,5,5,12,1,N,N,N,N,-90.19358,44.08607,0,1,7,7,7,7,7,1,1,1,1,1,4,4,4,4,4,2,3,3,3,2,3,U,U,1,1142,1147,1135,1133
2010G,1673,1762,12-02/19-04,2010,4/5/2010,4/14/2010,4/15/2010,,5-Apr,Y,5,14,15,1,N,N,N,N,-90.02194,44.41756,0,1,8,6,6,8,7,1,1,1,1,1,4,4,4,4,4,2,3,3,4,2,4,U,U,1,1119,1114,1263,1100
2010L,1746,1704,3-04/9-03,2010,4/5/2010,4/9/2010,4/11/2010,,5-Apr,Y,5,9,11,1,N,N,N,N,-90.16422,44.06337,0,1,6,7,6,7,6.5,1,1,1,1,1,4,4,4,4,4,3,3,2,3,2,3,U,U,1,1135,1133,1136,1144
2010N,1674,1679,13-02/18-02,2010,4/5/2010,4/5/2010,4/12/2010,,5-Apr,Y,5,5,12,1,N,N,N,N,-90.16213,44.06577,0,1,8,8,8,8,8,1,1,1,1,1,5,5,5,5,5,2,2,3,3,2,3,U,U,1,1154,1127,1101,1128
2010P,1745,1927,2-04/46-07,2010,4/30/2010,5/30/2010,5/31/2010,This is a nest that incubated past term; gave 30 intervals,30-Apr,Y,30,60,61,1,Y,N,N,N,-90.15021,44.05249,0,1,6,3,3,6,4.5,0,0,0,1,0,1,1,1,1,1,2,2,3,3,2,3,U,D,2,1154,1127,1263,1128
2010K,1706,1707,11-03/12-03,2010,5/12/2010,6/11/2010,6/11/2010,,12-May,Y,42,72,72,0,Y,Y,Y,N,-90.15834,44.16147,0,1,7,7,7,7,7,1,1,1,1,1,3,3,3,3,3,2,2,3,3,2,3,U,U,1,1154,1127,1135,1133
2010Q,1755,1811,12-04/27-05,2010,5/15/2010,6/11/2010,6/11/2010,,15-May,Y,45,72,72,0,Y,Y,Y,N,-90.19371,44.00425,0,1,6,5,5,6,5.5,0,0,0,0,0,1,1,1,1,1,2,2,3,3,2,3,U,D,2,1154,1127,1263,1128
2011A,1677,1894,16-02/16-07,2011,4/9/2011,4/24/2011,4/25/2011,,9-Apr,Y,1,16,17,1,N,N,N,N,-90.1527,44.1734,0,1,9,4,4,9,6.5,0,0,0,0,0,1,1,1,1,1,2,3,2,2,2,3,U,U,1,1142,1147,1168,1420
2011B,1746,1704,3-04/9-03,2011,4/9/2011,4/30/2011,5/1/2011,"Throw Out; nest failure human-caused, did not follow protocol",9-Apr,N,1,22,23,1,N,N,N,N,-90.1668,44.0634,0,1,7,8,7,8,7.5,1,1,1,1,1,6,6,6,6,6,3,3,2,3,2,3,U,U,1,1135,1133,1136,1144
2011D,1786,1758,5-05/15-04,2011,4/10/2011,4/29/2011,4/30/2011,,10-Apr,Y,2,21,22,1,N,N,N,N,-90.2117,44.1912,0,1,6,7,6,7,6.5,1,1,1,1,1,4,4,4,4,4,3,3,2,3,2,3,U,U,1,1135,1133,1136,1144
2011E,1702,1904,7-03/26-07,2011,4/10/2011,5/4/2011,5/5/2011,,10-Apr,Y,2,26,27,1,N,N,N,N,-90.16729,44.07703,0,1,8,4,4,8,6,0,0,0,1,0,1,1,1,1,1,3,3,2,2,2,3,U,U,1,1135,1133,1119,1147
2011F,1744,1790,1-04/8-05,2011,4/11/2011,5/7/2011,5/8/2011,,11-Apr,Y,3,29,30,1,N,N,N,N,-90.1693,44.1771,0,1,7,6,6,7,6.5,1,1,1,1,1,4,4,4,4,4,3,3,2,2,2,3,U,U,1,1135,1133,1154,1127
2011G,1712,1698,17-03/3-03,2011,4/13/2011,5/9/2011,5/9/2011,,13-Apr,Y,5,31,31,0,Y,Y,Y,N,-90.199,44.1756,0,1,8,8,8,8,8,1,1,1,1,1,10,9,9,10,9.5,2,3,2,3,2,3,U,U,1,1136,1144,1136,1144
2011M,1673,1762,12-02/19-04,2011,4/13/2011,5/13/2011,5/14/2011,This is a nest that incubated past term; gave 30 intervals,13-Apr,Y,5,35,36,1,Y,N,N,N,-90.02834,44.42133,0,1,9,7,7,9,8,1,1,1,1,1,6,6,6,6,6,2,3,3,4,2,4,U,U,1,1119,1114,1263,1100
2011C,1705,1874,10-03/W1-06,2011,4/13/2011,5/8/2011,5/8/2011,,13-Apr,Y,5,30,30,0,Y,Y,Y,N,-90.15921,44.09029,0,1,8,5,5,8,6.5,1,1,1,1,1,3,3,3,3,3,3,4,3,4,3,4,U,W,2,1188,1175,1678,1672
2011H,1791,1708,9-05/13-03,2011,4/14/2011,5/9/2011,5/9/2011,,14-Apr,Y,6,31,31,0,Y,Y,Y,N,-90.18531,44.09475,0,1,6,8,6,8,7,0,1,0,1,0.5,1,5,1,5,3,2,2,3,3,2,3,U,U,1,1167,1162,1135,1133
2011J,1674,1679,13-02/18-02,2011,4/15/2011,4/29/2011,4/30/2011,,15-Apr,Y,7,21,22,1,N,N,N,N,-90.16464,44.06607,0,1,9,9,9,9,9,1,1,1,1,1,7,7,7,7,7,2,2,3,3,2,3,U,U,1,1154,1127,1101,1128
2011K,1881,1963,3-07/38-08,2011,4/16/2011,5/4/2011,5/5/2011,,16-Apr,Y,8,26,27,1,N,N,N,N,-90.17118,44.19981,0,1,4,3,3,4,3.5,0,0,0,1,0,1,1,1,1,1,3,5,2,2,2,5,U,D,2,1202,1216,1366,1422
2011L,1745,1927,2-04/46-07,2011,4/16/2011,5/15/2011,5/15/2011,,16-Apr,Y,8,37,37,0,Y,Y,Y,N,-90.15104,44.0548,0,1,7,4,4,7,5.5,1,1,1,1,1,2,2,2,2,2,2,2,3,3,2,3,U,D,2,1154,1127,1263,1128
2011I,1706,1707,11-03/12-03,2011,4/18/2011,5/8/2011,5/9/2011,,18-Apr,Y,10,30,31,1,N,N,N,N,-90.1603,44.1619,0,1,8,8,8,8,8,1,1,1,1,1,4,4,4,4,4,2,2,3,3,2,3,U,U,1,1154,1127,1135,1133
2011O,1672,1956,11-02/30-08,2011,4/18/2011,5/12/2011,5/13/2011,,18-Apr,Y,10,34,35,1,N,N,N,N,-90.134,44.0543,0,1,9,3,3,9,6,1,0,0,1,0.5,8,1,1,8,4.5,2,3,2,2,2,3,U,U,1,1142,1147,1261,1386
2011P,1885,1917,7-07/39-07,2011,4/18/2011,5/5/2011,5/6/2011,"Throw Out; nest failure human-caused, did not follow protocol",18-Apr,N,10,27,28,1,N,N,N,N,-90.2407,44.2319,0,1,4,4,4,4,4,0,0,0,1,0,1,1,1,1,1,2,2,3,5,2,5,U,D,2,1164,1165,1202,1216
2011Q,1807,1921,24-05/42-07,2011,4/18/2011,4/28/2011,4/29/2011,,18-Apr,Y,10,20,21,1,N,N,N,N,-89.85646,43.89027,0,1,6,4,4,6,5,0,0,0,0,0,1,1,1,1,1,3,3,3,5,3,5,U,D,2,1135,1560,1156,1254
2011N,1958,1811,31-08/27-05,2011,4/20/2011,4/29/2011,4/30/2011,,20-Apr,Y,12,21,22,1,N,N,N,N,-90.18924,43.99268,0,1,3,6,3,6,4.5,0,1,0,1,0.5,1,2,1,2,1.5,3,3,3,3,3,3,D,D,2,1263,1128,1263,1128
2011R,1794,1900,12-05/22-07,2011,4/21/2011,4/21/2011,4/23/2011,,21-Apr,Y,13,13,15,1,N,N,N,N,-90.16135,44.15839,0,1,6,4,4,6,5,0,0,0,0,0,1,1,1,1,1,3,3,3,5,3,5,U,U,1,1135,1560,1202,1216
2011S,1751,1802,8-04/19-05,2011,4/27/2011,5/8/2011,5/9/2011,,27-Apr,Y,19,30,31,1,N,N,N,N,-90.20125,44.14878,0,1,7,6,6,7,6.5,1,1,1,1,1,4,4,4,4,4,3,3,3,3,3,3,U,U,1,1135,1133,1135,1560
2011T,1909,1972,33-07/5-09,2011,5/4/2011,6/3/2011,6/4/2011,This is a nest that incubated past term; gave 30 intervals,4-May,Y,26,56,57,1,Y,N,N,N,-89.7069,44.21024,0,1,4,2,2,4,3,0,0,0,1,0,1,1,1,1,1,2,2,3,3,2,3,U,U,1,1154,1127,1135,1133
2012A,1881,1963,3-07/38-08,2012,3/26/2012,4/3/2012,4/4/2012,,26-Mar,Y,1,9,10,1,N,N,N,N,-90.1715,44.2061,0,1,5,4,4,5,4.5,1,1,1,1,1,2,2,2,2,2,3,5,2,2,2,5,U,D,2,1202,1216,1366,1422
2012B,1673,1762,12-02/19-04,2012,3/31/2012,4/29/2012,4/29/2012,,31-Mar,Y,6,35,35,0,Y,Y,Y,Y,-90.02544,44.42245,0,1,10,8,8,10,9,1,1,1,1,1,7,7,7,7,7,2,3,3,4,2,4,U,U,1,1119,1114,1263,1100
2012C,1909,1972,33-07/5-09,2012,4/2/2012,4/6/2012,4/7/2012,,2-Apr,Y,8,12,13,1,N,N,N,N,-89.72113,44.21063,0,1,5,3,3,5,4,1,1,1,1,1,2,2,2,2,2,2,2,3,3,2,3,U,U,1,1154,1127,1135,1133
2012E,1794,1900,12-05/22-07,2012,4/4/2012,4/25/2012,4/26/2012,Throw Out; Dummy egg left in nest did not meet protocol,4-Apr,N,10,31,32,1,N,N,N,N,-90.16389,44.15693,0,1,7,5,5,7,6,1,1,1,1,1,3,3,3,3,3,3,3,3,5,3,5,U,U,1,1135,1560,1202,1216
2012D,1991,2011,24-09/42-09,2012,4/4/2012,5/6/2012,5/6/2012,,4-Apr,Y,10,42,42,0,Y,Y,Y,N,-89.78245,44.18056,0,1,3,3,3,3,3,0,0,0,1,0,1,1,1,1,1,2,2,2,3,2,3,U,D,2,1261,1386,1163,1128
2012F,1677,1894,16-02/16-07,2012,4/5/2012,4/15/2012,4/16/2012,,5-Apr,Y,11,21,22,1,N,N,N,N,-90.1495,44.1777,0,1,10,5,5,10,7.5,1,1,1,1,1,2,2,2,2,2,2,3,2,2,2,3,U,U,1,1142,1147,1168,1420
2012G,1791,1708,9-05/13-03,2012,4/6/2012,4/6/2012,4/7/2012,,6-Apr,Y,12,12,13,1,N,N,N,N,-90.20341,44.10169,0,1,7,9,7,9,8,1,1,1,1,1,2,6,2,6,4,2,2,3,3,2,3,U,U,1,1167,1162,1135,1133
2012H,1746,1704,3-04/9-03,2012,4/7/2012,5/7/2012,5/8/2012,This is a nest that incubated past term; gave 30 intervals,7-Apr,Y,13,43,44,1,Y,N,N,N,-90.16759,44.06215,0,1,8,9,8,9,8.5,1,1,1,1,1,8,8,8,8,8,3,3,2,3,2,3,U,U,1,1135,1133,1136,1144
2012I,1943,1950,14-08/24-08,2012,4/8/2012,5/8/2012,5/8/2012,,8-Apr,Y,14,44,44,0,Y,Y,Y,N,-90.1834,44.05188,0,1,4,4,4,4,4,0,0,0,1,0,1,1,1,1,1,3,5,2,2,2,5,U,U,1,1156,1254,1154,1127
2012J,1674,1679,13-02/18-02,2012,4/11/2012,5/9/2012,5/9/2012,,11-Apr,Y,17,45,45,0,Y,Y,Y,N,-90.163672,44.066883,0,1,10,10,10,10,10,1,1,1,1,1,8,8,8,8,8,2,2,3,3,2,3,U,U,1,1154,1127,1101,1128
2012K,1705,1874,10-03/W1-06,2012,4/14/2012,4/24/2012,4/25/2012,,14-Apr,Y,20,30,31,1,N,N,N,N,-90.16728,44.07696,0,1,9,6,6,9,7.5,1,1,1,1,1,4,4,4,4,4,3,4,3,4,3,4,U,W,2,1188,1175,1678,1672
2012M,1759,1971,16-04/4-09,2012,4/15/2012,5/13/2012,5/13/2012,,15-Apr,Y,21,49,49,0,Y,Y,Y,N,-90.36994,44.07934,0,1,8,3,3,8,5.5,1,0,0,1,0.5,3,1,1,3,2,2,3,2,2,2,3,U,U,1,1136,1144,1164,1213
2012L,1713,2005,18-03/36-09,2012,4/15/2012,4/15/2012,4/16/2012,,15-Apr,Y,21,21,22,1,N,N,N,N,-90.19375,44.08502,0,1,9,3,3,9,6,1,0,0,1,0.5,6,1,1,6,3.5,2,3,3,3,2,3,U,D,2,1142,1147,1140,1128
2012N,1786,1758,5-05/15-04,2012,4/17/2012,4/20/2012,4/21/2012,,17-Apr,Y,23,26,27,1,N,N,N,N,-90.198437,44.186431,0,1,7,8,7,8,7.5,1,1,1,1,1,5,5,5,5,5,3,3,2,3,2,3,U,U,1,1135,1133,1136,1144
2012O,1885,1917,7-07/39-07,2012,4/17/2012,5/17/2012,5/18/2012,This is a nest that incubated past term; gave 30 intervals,17-Apr,Y,23,53,54,1,Y,N,N,N,-90.23528,44.22634,0,1,5,5,5,5,5,1,1,1,1,1,2,2,2,2,2,2,2,3,5,2,5,U,D,2,1164,1165,1202,1216
2012Q,1751,1802,8-04/19-05,2012,4/19/2012,4/29/2012,4/30/2012,,19-Apr,Y,25,35,36,1,N,N,N,N,-90.19444,44.1637,0,1,8,7,7,8,7.5,1,1,1,1,1,5,5,5,5,5,3,3,3,3,3,3,U,U,1,1135,1133,1135,1560
2012R,1745,1927,2-04/46-07,2012,4/19/2012,5/17/2012,5/17/2012,,19-Apr,Y,25,53,53,0,Y,Y,Y,N,-90.153935,44.060778,0,1,8,5,5,8,6.5,1,1,1,1,1,3,3,3,3,3,2,2,3,3,2,3,U,D,2,1154,1127,1263,1128
2012U,1977,1895,10-09/17-07,2012,4/23/2012,5/10/2012,5/11/2012,,23-Apr,Y,29,46,47,1,N,N,N,N,-90.16908,44.14674,0,1,3,5,3,5,4,0,0,0,1,0,1,1,1,1,1,3,5,3,4,3,5,U,U,1,1202,1216,1679,1674
2012V,1706,1707,11-03/12-03,2012,4/25/2012,5/6/2012,5/7/2012,,25-Apr,Y,31,42,43,1,N,N,N,N,-90.15734,44.16031,0,1,9,9,9,9,9,1,1,1,1,1,5,5,5,5,5,2,2,3,3,2,3,U,U,1,1154,1127,1135,1133
2012X,1978,1982,11-09/15-09,2012,4/27/2012,5/4/2012,5/6/2012,,27-Apr,Y,33,40,42,1,N,N,N,N,-90.14685,44.0635,0,1,3,3,3,3,3,0,0,0,1,0,1,1,1,1,1,2,2,2,3,2,3,U,U,1,1241,1248,1366,1581
2012Y,1954,2018,28-08/5-10,2012,5/1/2012,5/31/2012,6/1/2012,This is a nest that incubated past term; gave 30 intervals,1-May,Y,37,67,68,1,Y,N,N,N,-89.8171,44.69084,0,1,4,2,2,4,3,0,0,0,0,0,1,1,1,1,1,3,5,2,3,2,5,U,U,1,1202,1216,1164,1717
2012Z,1985,1992,18-09/25-09,2012,5/2/2012,5/2/2012,5/3/2012,,2-May,Y,38,38,39,1,N,N,N,N,-90.1742,44.07532,0,1,3,3,3,3,3,0,0,0,0,0,1,1,1,1,1,2,2,2,3,2,3,U,U,1,1119,1147,1261,1267
2013E,1673,1762,12-02/19-04,2013,4/15/2013,5/5/2013,5/6/2013,,15-Apr,Y,1,21,22,1,N,N,N,N,-90.02192,44.41753,0,1,11,9,9,11,10,1,1,1,1,1,8,8,8,8,8,2,3,3,4,2,4,U,U,1,1119,1114,1263,1100
2013A,1791,1708,9-05/13-03,2013,4/16/2013,5/6/2013,5/7/2013,,16-Apr,Y,2,22,23,1,N,N,N,N,-90.19341,44.10494,0,1,8,10,8,10,9,1,1,1,1,1,4,8,4,8,6,2,2,3,3,2,3,U,U,1,1167,1162,1135,1133
2013Q,1909,1972,33-07/5-09,2013,4/16/2013,5/5/2013,5/6/2013,,16-Apr,Y,2,21,22,1,N,N,N,N,-89.70513345,44.208907,0,1,6,4,4,6,5,1,1,1,1,1,4,4,4,4,4,2,2,3,3,2,3,U,U,1,1154,1127,1135,1133
2013U,1746,1704,3-04/9-03,2013,4/16/2013,5/6/2013,5/7/2013,,16-Apr,Y,2,22,23,1,N,N,N,N,-90.16523959,44.06349759,0,1,9,10,9,10,9.5,1,1,1,1,1,9,9,9,9,9,3,3,2,3,2,3,U,U,1,1135,1133,1136,1144
2013G,1943,1950,14-08/24-08,2013,4/18/2013,5/8/2013,5/9/2013,,18-Apr,Y,4,24,25,1,N,N,N,N,-90.15918,44.03378,0,1,5,5,5,5,5,1,1,1,1,1,2,2,2,2,2,3,5,2,2,2,5,U,U,1,1156,1254,1154,1127
2013J,2010,1999,41-09/32-09,2013,4/18/2013,5/5/2013,5/6/2013,,18-Apr,Y,4,21,22,1,N,N,N,N,-90.17163934,44.2061826,0,1,4,4,4,4,4,0,0,0,0,0,1,1,1,1,1,3,3,2,4,2,4,D,D,2,1140,1128,1119,1100
2013T,1745,1975,2-04/8-09,2013,4/19/2013,5/4/2013,5/5/2013,,19-Apr,Y,5,20,21,1,N,N,N,N,-90.15234,44.05585,0,1,9,4,4,9,6.5,1,0,0,1,0.5,4,1,1,4,2.5,2,2,3,4,2,4,U,U,1,1154,1127,1704,1746
2013W,1705,1874,10-03/W1-06,2013,4/19/2013,5/4/2013,5/5/2013,,19-Apr,Y,5,20,21,1,N,N,N,N,-90.16754629,44.07691624,0,1,10,7,7,10,8.5,1,1,1,1,1,5,5,5,5,5,3,4,3,4,3,4,U,W,2,1188,1175,1678,1672
2013C,1677,1894,16-02/16-07,2013,4/23/2013,5/5/2013,5/6/2013,,23-Apr,Y,9,21,22,1,N,N,N,N,-90.14939,44.1721,0,1,11,6,6,11,8.5,1,1,1,1,1,4,4,4,4,4,2,3,2,2,2,3,U,U,1,1142,1147,1168,1420
2013H,1672,1904,11-02/26-07,2013,4/23/2013,5/8/2013,5/9/2013,,23-Apr,Y,9,24,25,1,N,N,N,N,-90.13614,44.05552,0,1,11,6,6,11,8.5,1,1,1,1,1,9,2,2,9,5.5,2,3,2,2,2,3,U,U,1,1142,1147,1119,1147
2013N,1759,1971,16-04/4-09,2013,4/23/2013,5/15/2013,5/16/2013,,23-Apr,Y,9,31,32,1,N,N,N,N,-90.36997,44.07887,0,1,9,4,4,9,6.5,1,1,1,1,1,4,2,2,4,3,2,3,2,2,2,3,U,U,1,1136,1144,1164,1213
2013R,1954,2018,28-08/5-10,2013,4/23/2013,5/21/2013,5/21/2013,,23-Apr,Y,9,37,37,0,Y,Y,Y,N,-89.81699,44.6903,0,1,5,3,3,5,4,1,1,1,1,1,2,2,2,2,2,3,5,2,3,2,5,U,U,1,1202,1216,1164,1717
2013K,1973,2003,6-09/35-09,2013,4/23/2013,5/4/2013,5/5/2013,,23-Apr,Y,9,20,21,1,N,N,N,N,-90.24716,44.03157,0,1,4,4,4,4,4,0,0,0,0,0,1,1,1,1,1,3,4,3,3,3,4,U,D,2,1704,1746,1263,1128
2013L,1713,2005,18-03/36-09,2013,4/23/2013,5/4/2013,5/5/2013,,23-Apr,Y,9,20,21,1,N,N,N,N,-90.19314,44.08898,0,1,10,4,4,10,7,1,1,1,1,1,8,3,3,8,5.5,2,3,3,3,2,3,U,D,2,1142,1147,1140,1128
2013O,1991,2011,24-09/42-09,2013,4/24/2013,5/6/2013,5/7/2013,,24-Apr,Y,10,22,23,1,N,N,N,N,-89.76758,44.18502,0,1,4,4,4,4,4,1,1,1,1,1,2,2,2,2,2,2,2,2,3,2,3,U,D,2,1261,1386,1163,1128
2013B,1978,1982,11-09/15-09,2013,4/25/2013,5/2/2013,5/4/2013,,25-Apr,Y,11,18,20,1,N,N,N,N,-90.15741,44.07068,0,1,4,4,4,4,4,1,1,1,1,1,2,2,2,2,2,2,2,2,3,2,3,U,U,1,1241,1248,1366,1581
2013I,1864,1993,27-06/26-09,2013,4/27/2013,5/2/2013,5/4/2013,,27-Apr,Y,13,18,20,1,N,N,N,N,-90.16985,44.06799,0,1,7,4,4,7,5.5,0,0,0,1,0,1,1,1,1,1,2,5,2,3,2,5,D,U,2,1219,1182,1101,1182
2013D,1674,1679,13-02/18-02,2013,4/28/2013,5/3/2013,5/4/2013,,28-Apr,Y,14,19,20,1,N,N,N,N,-90.16453,44.06751,0,1,11,11,11,11,11,1,1,1,1,1,9,9,9,9,9,2,2,3,3,2,3,U,U,1,1154,1127,1101,1128
2013S,1712,1974,17-03/7-09,2013,4/28/2013,5/5/2013,5/6/2013,,28-Apr,Y,14,21,22,1,N,N,N,N,-90.18313,44.1665,0,1,9,4,4,9,6.5,1,0,0,1,0.5,11,1,1,11,6,2,3,2,2,2,3,U,U,1,1136,1144,1292,1165
2013F,1794,1900,12-05/22-07,2013,4/29/2013,5/4/2013,5/5/2013,,29-Apr,Y,15,20,21,1,N,N,N,N,-90.16225,44.16126,0,1,8,6,6,8,7,1,1,1,1,1,5,5,5,5,5,3,3,3,5,3,5,U,U,1,1135,1560,1202,1216
2013M,1885,1917,7-07/39-07,2013,5/30/2013,6/29/2013,6/30/2013,This is a nest that incubated past term; gave 30 intervals,30-May,Y,46,76,77,1,Y,N,N,N,-90.23314,44.22668,0,1,6,6,6,6,6,1,1,1,1,1,3,3,3,3,3,2,2,3,5,2,5,U,D,2,1164,1165,1202,1216
2006F,1672,1678,11-02/17-02,2006,5/23/2006,6/22/2006,6/22/2006,,23-May,N,NA,NA,NA,0,Y,Y,Y,Y,-90.15447,44.06246,0,2,4,4,4,4,4,1,1,1,1,1,3,3,3,3,3,2,3,2,3,2,3,U,U,1,1142,1147,1136,1144
2007E,1712,1698,17-03/3-03,2007,5/14/2007,6/9/2007,6/10/2007,Throw Out; this nest failed due to disturbance,14-May,N,NA,NA,NA,1,N,N,N,N,-90.19537,44.1716,0,2,4,4,4,4,4,1,1,1,1,1,3,2,2,3,2.5,2,3,2,3,2,3,U,U,1,1136,1144,1136,1144
2009K,1713,1708,18-03/13-03,2009,5/13/2009,5/17/2009,5/18/2009,,13-May,Y,42,46,47,1,N,N,N,N,-90.19434,44.08646,1,2,6,6,6,6,6,1,1,1,1,1,3,3,3,3,3,2,3,3,3,2,3,U,U,1,1142,1147,1135,1133
2009J,1712,1698,17-03/3-03,2009,5/14/2009,6/7/2009,6/8/2009,,14-May,Y,43,67,68,1,N,N,N,N,-90.19933,44.17152,0,2,6,6,6,6,6,1,1,1,1,1,6,5,5,6,5.5,2,3,2,3,2,3,U,U,1,1136,1144,1136,1144
2009L,1672,1678,11-02/17-02,2009,5/19/2009,6/14/2009,6/14/2009,,19-May,Y,48,74,74,0,Y,Y,Y,N,-90.1355,44.05676,0,2,7,7,7,7,7,1,1,1,1,1,6,6,6,6,6,2,3,2,3,2,3,U,U,1,1142,1147,1136,1144
2009Q,1673,1762,12-02/19-04,2009,5/21/2009,6/12/2009,6/12/2009,Throw Out; this egg was placed in nest,21-May,N,50,72,72,0,Y,Y,N,N,-90.02267,44.41745,0,2,7,5,5,7,6,1,1,1,1,1,3,3,3,3,3,2,3,3,4,2,4,U,U,1,1119,1114,1263,1100
2009M,1746,1704,3-04/9-03,2009,5/23/2009,6/13/2009,6/14/2009,,23-May,Y,52,73,74,1,N,N,N,N,-90.16418,44.06165,1,2,5,6,5,6,5.5,1,1,1,1,1,3,3,3,3,3,3,3,2,3,2,3,U,U,1,1135,1133,1136,1144
2010M,1746,1704,3-04/9-03,2010,4/30/2010,5/30/2010,5/30/2010,,30-Apr,Y,30,60,60,0,Y,Y,Y,Y,-90.1663,44.06322,0,2,6,7,6,7,6.5,1,1,1,1,1,5,5,5,5,5,3,3,2,3,2,3,U,U,1,1135,1133,1136,1144
2010D,1712,1698,17-03/3-03,2010,5/3/2010,5/3/2010,5/4/2010,,3-May,Y,33,33,34,1,N,N,N,N,-90.19897,44.17153,0,2,7,7,7,7,7,1,1,1,1,1,8,7,7,8,7.5,2,3,2,3,2,3,U,U,1,1136,1144,1136,1144
2010O,1674,1679,13-02/18-02,2010,5/8/2010,6/7/2010,6/8/2010,This is a nest that incubated past term; gave 30 intervals,8-May,Y,38,68,69,1,Y,N,N,N,-90.1643,44.06692,0,2,8,8,8,8,8,1,1,1,1,1,6,6,6,6,6,2,2,3,3,2,3,U,U,1,1154,1127,1101,1128
2010H,1673,1762,12-02/19-04,2010,5/11/2010,6/7/2010,6/7/2010,Throw Out; this egg was placed in nest,11-May,N,41,68,68,0,Y,Y,N,Y,-90.02798,44.42139,0,2,8,6,6,8,7,1,1,1,1,1,5,5,5,5,5,2,3,3,4,2,4,U,U,1,1119,1114,1263,1100
2011U,1746,1704,3-04/9-03,2011,5/18/2011,5/28/2011,5/29/2011,,18-May,Y,40,50,51,1,N,N,N,N,-90.16537,44.06332,0,2,7,8,7,8,7.5,1,1,1,1,1,7,7,7,7,7,3,3,2,3,2,3,U,U,1,1135,1133,1136,1144
2011V,1794,1900,12-05/22-07,2011,5/19/2011,5/22/2011,5/23/2011,,19-May,Y,41,44,45,1,N,N,N,N,-90.16383,44.15873,0,2,6,4,4,6,5,1,1,1,1,1,2,2,2,2,2,3,3,3,5,3,5,U,U,1,1135,1560,1202,1216
2012P,1791,1708,9-05/13-03,2012,4/18/2012,5/19/2012,5/19/2012,,18-Apr,Y,24,55,55,0,Y,Y,Y,Y,-90.18843,44.0984,0,2,7,9,7,9,8,1,1,1,1,1,3,7,3,7,5,2,2,3,3,2,3,U,U,1,1167,1162,1135,1133
2012S,1713,2005,18-03/36-09,2012,4/22/2012,4/24/2012,4/25/2012,,22-Apr,Y,28,30,31,1,N,N,N,N,-90.19237,44.08596,0,2,9,3,3,9,6,1,1,1,1,1,7,2,2,7,4.5,2,3,3,3,2,3,U,D,2,1142,1147,1140,1128
2012T,1881,1963,3-07/38-08,2012,4/23/2012,5/23/2012,5/24/2012,This is a nest that incubated past term; gave 30 intervals,23-Apr,Y,29,59,60,1,Y,N,N,N,-90.17206,44.20788,0,2,5,4,4,5,4.5,1,1,1,1,1,3,3,3,3,3,3,5,2,2,2,5,U,D,2,1202,1216,1366,1422
2012W,1909,1972,33-07/5-09,2012,4/25/2012,5/25/2012,5/26/2012,This is a nest that incubated past term; gave 30 intervals,25-Apr,Y,31,61,62,1,Y,N,N,N,-89.70598,44.21018,0,2,5,3,3,5,4,1,1,1,1,1,3,3,3,3,3,2,2,3,3,2,3,U,U,1,1154,1127,1135,1133
2012ZA,1677,1894,16-02/16-07,2012,5/7/2012,6/5/2012,6/5/2012,,7-May,Y,43,72,72,0,Y,Y,Y,N,-90.14738,44.17307,0,2,10,5,5,10,7.5,1,1,1,1,1,3,3,3,3,3,2,3,2,2,2,3,U,U,1,1142,1147,1168,1420
2012ZB,1751,1802,8-04/19-05,2012,5/14/2012,6/7/2012,6/10/2012,Throw Out; Don't know nest fate - could have hatched unobserved and then died,14-May,N,50,74,77,1,N,N,N,N,-90.20054,44.15993,0,2,8,7,7,8,7.5,1,1,1,1,1,6,6,6,6,6,3,3,3,3,3,3,U,U,1,1135,1133,1135,1560
2012ZC,1794,1900,12-05/22-07,2012,5/21/2012,6/12/2012,6/13/2012,,21-May,Y,57,79,80,1,N,N,N,N,-90.15944,44.15683,0,2,7,5,5,7,6,1,1,1,1,1,4,4,4,4,4,3,3,3,5,3,5,U,U,1,1135,1560,1202,1216
2013P,1991,2011,24-09/42-09,2013,5/25/2013,6/4/2013,6/5/2013,,25-May,Y,41,51,52,1,N,N,N,N,-89.701614,44.208208,0,2,4,4,4,4,4,1,1,1,1,1,3,3,3,3,3,2,2,2,3,2,3,U,D,2,1261,1386,1163,1128
2013V,1746,1704,3-04/9-03,2013,5/31/2013,6/30/2013,6/30/2013,,31-May,Y,47,77,77,0,Y,Y,Y,Y,-90.16779,44.06227,0,2,9,10,9,10,9.5,1,1,1,1,1,10,10,10,10,10,3,3,2,3,2,3,U,U,1,1135,1133,1136,1144
2010E,1712,1698,17-03/3-03,2010,5/12/2010,6/10/2010,6/10/2010,,12-May,Y,42,71,71,0,Y,Y,Y,N,-90.19441,44.17206,0,3,7,7,7,7,7,1,1,1,1,1,9,8,8,9,8.5,2,3,2,3,2,3,U,U,1,1136,1144,1136,1144
